neutral_init,positive_init,negative_init,skip_init,speech_init,neutral_source,negative_source,skip_source,positive_source,speech_source,cosine_distance
0.7525422272200768,0.052762224267308526,0.17112995798771197,0.10534519472947487,0.004222435153608855,0.7984834969043731,0.16978948215643566,0.08587434502939383,0.036073866114020345,0.0036873375938739628,0.0008533470514131558
0.6642134255833096,0.07931242220931584,0.12265951517555448,0.13105074212782913,0.005471913821464922,0.7984834969043731,0.16978948215643566,0.08587434502939383,0.036073866114020345,0.0036873375938739628,0.006603976880430462
0.7931808605790138,0.04547370894579217,0.1931205284781754,0.07152660633437335,0.003670887437692727,0.7864416995469261,0.1640290703405352,0.050669846508432835,0.038736705284784824,0.024764570485464956,0.0012146106148041014
0.7271169977528709,0.07430749014019966,0.14162232247846468,0.10099211760929652,0.0068463397224799594,0.7444026117975061,0.1517772549466992,0.08015354655005714,0.05985294252141929,0.0071342855371767655,0.0007132676281411676
0.6741111874580383,0.06325963496540983,0.18227440056701502,0.12723898018399873,0.010968252344658444,0.7984834969043731,0.16978948215643566,0.08587434502939383,0.036073866114020345,0.0036873375938739628,0.005347093828454885
0.7861885997382078,0.05575394384901632,0.12504566731778058,0.07799308543855493,0.005316499477802691,0.7984834969043731,0.16978948215643566,0.08587434502939383,0.036073866114020345,0.0036873375938739628,0.0016796598244205319
0.6908974573016167,0.0548176733776927,0.2260323517024517,0.08040401749312878,0.006719609134597704,0.7674135211855173,0.16450885039838878,0.08759468421339989,0.04545610470019958,0.008307458436651028,0.005567913063886376
0.7189207460199084,0.05741398249353681,0.16847287544182368,0.0749712304345199,0.021816127274567925,0.7849696887576062,0.131773314398268,0.06286164012778064,0.05995842792174738,0.006512711040989455,0.002484704511277136
